{
  "h2h_home_win": 4.831530000000002,
  "h2h_away_win": 4.392300000000001,
  "h2h_draw": 4,
  "h2h_over25": 3,
  "standings_top_vs_bottom": 6,
  "standings_table_advantage": 3,
  "standings_gd_strong": 2.9282000000000012,
  "standings_gd_weak": 2.4200000000000004,
  "form_score_2plus": 7.794868400000006,
  "form_score_3plus": 2,
  "form_concede_2plus": 6.442040000000003,
  "form_no_score": 5,
  "form_clean_sheet": 5,
  "form_vs_top_win": 3,
  "xg_advantage": 3,
  "xg_draw": 2,
  "confidence_calibration": {
    "Very High": 0.75,
    "High": 0.6,
    "Medium": 0.5,
    "Low": 0.4
  }
}